pw	allowed	guesses_log10
123456..	True	2.877703247986102
123456789.	True	2.9738092630741026
123456789*	True	3.357058078528648
123456**	True	3.395275063220285
123456789!	True	3.561892027716264
123qwe!@#	False	3.7333719712489586
3.1415926	True	3.776572711821366
123456789@	True	3.8069737380251563
Abc123!@#	True	3.816254980350835
1234567890.	True	3.883734948721368
1234567890-	True	3.940177949878159
blink-182	True	3.313234291694724
123456@@	True	3.968328925161537
!qaz2wsx	True	3.988807340507612
12345678.	True	4.06997409365586
!QAZ2wsx	False	3.143014800254095
7894561230.	True	4.143613627647927
qwe123!@#	False	4.162283706981366
1qaz!QAZ	False	3.2755416884013098
pa$$w0rd	False	3.964778022022376
